,street_address,city,state,postal_code,restaurant
0,2242 Abbott Road,ANCHORAGE,AK,99507,Carl's Jr
1,650 W NORTHERN LIGHTS BLVD,Anchorage,AK,99503,Carl's Jr
2,12319 OLD GLENN HWY,EAGLE RIVER,AK,99577,Carl's Jr
3,1741 E. Palmer Wasilla Hwy,Wasilla,AK,99654,Carl's Jr
4,2933 S Tomahawk Rd,Apache Junction,AZ,85119,Carl's Jr
5,416 S Watson Rd,Buckeye,AZ,85326,Carl's Jr
6,2195 Highway 95,Bullhead City,AZ,86442,Carl's Jr
7,640 N. Hwy 95,Bullhead City,AZ,86429,Carl's Jr
8,1715 E Florence Blvd,Casa Grande,AZ,85122,Carl's Jr
9,2560 E Rio Mesa Trl,Cottonwood,AZ,86326,Carl's Jr
10,105 E 5TH ST,Douglas,AZ,85607,Carl's Jr
11,3090 N Toltec Rd,Eloy,AZ,85131,Carl's Jr
12,826 W Pima St,Gila Bend,AZ,85337,Carl's Jr
13,85 E Germann Rd,Gilbert,AZ,85297,Carl's Jr
14,5378 S Power Rd,Gilbert,AZ,85295,Carl's Jr
15,5105 W Thunderbird Rd,Glendale,AZ,85306,Carl's Jr
16,5775 W Northern Ave,Glendale,AZ,85301,Carl's Jr
17,6706 N 95Th Ave,Glendale,AZ,85305,Carl's Jr
18,1083 S Cotton Ln,Goodyear,AZ,85338,Carl's Jr
19,1519 W Baseline Rd,Guadalupe,AZ,85283,Carl's Jr
20,1635 N Navajo Blvd,Holbrook,AZ,86025,Carl's Jr
21,789 W Beale St,Kingman,AZ,86401,Carl's Jr
22,3440 Stockton Hill Rd,Kingman,AZ,86409,Carl's Jr
23,275 N Lake Havasu Avenue,Lake Havasu City,AZ,86403,Carl's Jr
24,14875 S Hwy 95,Lake Havasu City,AZ,86404,Carl's Jr
25,5040 W Baseline Rd,Laveen,AZ,85339,Carl's Jr
26,3790 W Ina Rd,Marana,AZ,85741,Carl's Jr
27,1850 S Country Club,Mesa,AZ,85210,Carl's Jr
28,4515 E Mckellips Rd,Mesa,AZ,85215,Carl's Jr
29,2002 N Country Club Dr,Mesa,AZ,85201,Carl's Jr
30,1015 N Dobson Rd,Mesa,AZ,85201,Carl's Jr
31,1352 S Gilbert Rd,Mesa,AZ,85204,Carl's Jr
32,1440 W Southern Ave,Mesa,AZ,85202,Carl's Jr
33,800 W Mariposa Rd,Nogales,AZ,85621,Carl's Jr
34,12110 N 75Th Ave,Peoria,AZ,85345,Carl's Jr
35,9360 W Northern Ave,Peoria,AZ,85345,Carl's Jr
36,1202 N 51St Ave,Phoenix,AZ,85043,Carl's Jr
37,3470 W Bell Rd,Phoenix,AZ,85053,Carl's Jr
38,4311 W Camelback Rd,Phoenix,AZ,85031,Carl's Jr
39,2501 W Happy Valley Rd,Phoenix,AZ,85085,Carl's Jr
40,2750 W Thomas Rd,Phoenix,AZ,85017,Carl's Jr
41,1753 W Bethany Home Rd,Phoenix,AZ,85015,Carl's Jr
42,2342 E Thomas Rd,Phoenix,AZ,85016,Carl's Jr
43,2343 E Bell Rd,Phoenix,AZ,85022,Carl's Jr
44,4916 E Chandler Blvd,Phoenix,AZ,85048,Carl's Jr
45,7610 W Thomas,Phoenix,AZ,85033,Carl's Jr
46,3050 E. STATE ROUTE 69,Prescott,AZ,86301,Carl's Jr
47,555 Miller Valley Rd,Prescott,AZ,86301,Carl's Jr
48,5785 E State Route 69,Prescott Valley,AZ,86314,Carl's Jr
49,1451 W  Main St,Quartzsite,AZ,85346,Carl's Jr
50,21064 E Ocotillo Rd,Queen Creek,AZ,85142,Carl's Jr
51,455 S 20TH AVE,Safford,AZ,85546,Carl's Jr
52,18700 S Nogales Hwy,Sahuarita,AZ,85614,Carl's Jr
53,1517 N Main St,San Luis,AZ,85349,Carl's Jr
54,5401 S. WHITE MOUNTAIN RD.,Show Low,AZ,85901,Carl's Jr
55,2080 E Fry Blvd,Sierra Vista,AZ,85635,Carl's Jr
56,13335 W GRAND AVE,Surprise,AZ,85374,Carl's Jr
57,1210 N Scottsdale Rd,Tempe,AZ,85281,Carl's Jr
58,8313 W Roosevelt St,Tolleson,AZ,85353,Carl's Jr
59,3289 E Valencia Rd,Tucson,AZ,85706,Carl's Jr
60,1691 W Valencia Rd,Tucson,AZ,85746,Carl's Jr
61,1880 E Broadway Blvd,Tucson,AZ,85719,Carl's Jr
62,6301 E Grant Rd,Tucson,AZ,85715,Carl's Jr
63,3707 N ORACLE RD,TUCSON,AZ,85705,Carl's Jr
64,8120 S Houghton Rd,Tucson,AZ,85747,Carl's Jr
65,7805 E Broadway,Tucson,AZ,85710,Carl's Jr
66,1070 E Ajo Way,Tucson,AZ,85713,Carl's Jr
67,615 W Congress St,Tucson,AZ,85745,Carl's Jr
68,19312 N Hwy 93,White Hills,AZ,86445,Carl's Jr
69,728 N Bisbee Ave,Willcox,AZ,85643,Carl's Jr
70,1055 N Grand Canyon Blvd,Williams,AZ,86046,Carl's Jr
71,704 Mike'S Peak Boulevard,Winslow,AZ,86047,Carl's Jr
72,388 W 32Nd St,Yuma,AZ,85364,Carl's Jr
73,1020 E. 16Th Street,Yuma,AZ,85365,Carl's Jr
74,Mcas Yuma Building 965,Yuma,AZ,85365,Carl's Jr
75,11274 S Fortuna Rd,Yuma,AZ,85367,Carl's Jr
76,5709 KANAN RD,Agoura,CA,91301,Carl's Jr
77,871 Marina Village Parkway,Alameda,CA,94501,Carl's Jr
78,2521 W Commonwealth Ave,Alhambra,CA,91803,Carl's Jr
79,23002 Aliso Creek Rd,Aliso Viejo,CA,92656,Carl's Jr
80,1263 TAVERN RD,ALPINE,CA,91901,Carl's Jr
81,9756 19TH ST,Alta Loma,CA,91737,Carl's Jr
82,3110 E La Palma,Anaheim,CA,92806,Carl's Jr
83,2119 S Harbor Blvd,Anaheim,CA,92802,Carl's Jr
84,794 N Brookhurst St,Anaheim,CA,92801,Carl's Jr
85,5701 E La Palma,Anaheim,CA,92807,Carl's Jr
86,1200 N Harbor Blvd,Anaheim,CA,92801,Carl's Jr
87,8225 Santa Ana Canyon Rd,Anaheim,CA,92808,Carl's Jr
88,275 S Harbor Blvd,Anaheim,CA,92805,Carl's Jr
89,2820 E Lincoln,Anaheim,CA,92806,Carl's Jr
90,1189 SO STATE COLLEGE BLVD,ANAHEIM,CA,92806,Carl's Jr
91,2025 E KATELLA AVE,Anaheim,CA,92806,Carl's Jr
92,1091 N TUSTIN AVE,ANAHEIM,CA,92807,Carl's Jr
93,20302 Us Highway 18,Apple Valley,CA,92307,Carl's Jr
94,12271 APPLE VALLEY RD,APPLE VALLEY,CA,92308,Carl's Jr
95,165 E Duarte Rd,Arcadia,CA,91006,Carl's Jr
96,4900 Valley West Blvd,Arcata,CA,95521,Carl's Jr
97,1590 W. Branch Street,Arroyo Grande,CA,93420,Carl's Jr
98,5631 Laval Rd,Arvin,CA,93203,Carl's Jr
99,7085 El Camino Real,Atascadero,CA,93422,Carl's Jr
100,1600 Bell Ln,Atwater,CA,95301,Carl's Jr
101,2300 GRASS VALLEY HIGHWAY,AUBURN,CA,95603,Carl's Jr
102,13312 LINCOLN WAY,AUBURN,CA,95603,Carl's Jr
103,1190 West Foothill Blvd,Azusa,CA,91702,Carl's Jr
104,56335 MOJAVE POINTE,BAKER,CA,92309,Carl's Jr
105,815 Real Road,Bakersfield,CA,93309,Carl's Jr
106,2412 Ming Ave,Bakersfield,CA,93304,Carl's Jr
107,2930 F Street,Bakersfield,CA,93301,Carl's Jr
108,4800 White Lane,Bakersfield,CA,93309,Carl's Jr
109,101 S Union Ave,Bakersfield,CA,93307,Carl's Jr
110,9000 Ming Ave,Bakersfield,CA,93311,Carl's Jr
111,3901 Auburn Avenue,Bakersfield,CA,93306,Carl's Jr
112,9500 Brimhall Rd,Bakersfield,CA,93312,Carl's Jr
113,4520 Coffee Road,Bakersfield,CA,93308,Carl's Jr
114,3501 Panama Ln,Bakersfield,CA,93313,Carl's Jr
115,5555 Gosford Rd,Bakersfield,CA,93309,Carl's Jr
116,3520 Rosedale Highway,Bakersfield,CA,93308,Carl's Jr
117,2400 White Lane,Bakersfield,CA,93304,Carl's Jr
118,14080 Francisquito,Baldwin Park,CA,91706,Carl's Jr
119,1888 W Ramsey,Banning,CA,92220,Carl's Jr
120,300 S Highland Springs Ave Bldg 4,Banning,CA,92220,Carl's Jr
121,1530 E MAIN STREET,Barstow,CA,92311,Carl's Jr
122,2856 LENWOOD ROAD,Barstow,CA,92311,Carl's Jr
123,4966 Florence Ave,Bell,CA,90201,Carl's Jr
124,10148 Rosecrans Ave,Bellflower,CA,90706,Carl's Jr
125,5990 E. 2nd Street,Benicia,CA,94510,Carl's Jr
126,40050 Washington,Bermuda Dunes,CA,92203,Carl's Jr
127,Po Box 1742 (41717 Big Bear Bl),Big Bear Lake,CA,92315,Carl's Jr
128,768 N Main St,Bishop,CA,93514,Carl's Jr
129,3610 S Riverside Ave,Bloomington,CA,92316,Carl's Jr
130,160 S Lovekin,Blythe,CA,92225,Carl's Jr
131,27201 Boron Frontage,Boron,CA,93516,Carl's Jr
132,115 Main St,Brawley,CA,92227,Carl's Jr
133,6291 Lone Tree Way,Brentwood,CA,94513,Carl's Jr
134,208 E. Highway 246,Buellton,CA,93427,Carl's Jr
135,6002 Beach Blvd,Buena Park,CA,90621,Carl's Jr
136,8991 KNOTT AVE,BUENA PARK,CA,90620,Carl's Jr
137,8361 LA PALMA,BUENA PARK,CA,90620,Carl's Jr
138,1320 N. San Fernando Road,Burbank,CA,91504,Carl's Jr
139,20640 TRACY AVE,BUTTONWILLOW,CA,93206,Carl's Jr
140,221 W Birch St,Calexico,CA,92231,Carl's Jr
141,1164 Calimesa Blvd,Calimesa,CA,92320,Carl's Jr
142,401 Las Posas Rd,Camarillo,CA,93010,Carl's Jr
143,4065 Cameron Park Dr,Cameron Park,CA,95682,Carl's Jr
144,20105 Saticoy,Canoga Park,CA,91306,Carl's Jr
145,21201 Sherman Way,Canoga Park,CA,91303,Carl's Jr
146,20900 Roscoe Blvd,Canoga Park,CA,91304,Carl's Jr
147,18950 SOLEDAD CANYON RD,CANYON COUNTRY,CA,91351,Carl's Jr
148,950 CARLSBAD VILLAGE DR,CARLSBAD,CA,92008,Carl's Jr
149,2608 EL CAMINO REAL,CARLSBAD,CA,92008,Carl's Jr
150,925 PALOMAR AIRPORT RD,CARLSBAD,CA,92011,Carl's Jr
151,5935 Madison Avenue,Carmichael,CA,95608,Carl's Jr
152,4610 Carpinteria Ave,Carpinteria,CA,93013,Carl's Jr
153,21703 S Avalon Blvd,Carson,CA,90745,Carl's Jr
154,17450  AVALON  BLVD,Carson,CA,90746,Carl's Jr
155,1881 E DEL AMO BLVD,Carson,CA,90746,Carl's Jr
156,31412 Ridge Route,Castaic,CA,91384,Carl's Jr
157,32-250 Date Palm Dr,Cathedral City,CA,92234,Carl's Jr
158,2420 Mitchell Rd,Ceres,CA,95307,Carl's Jr
159,9861 Desoto Ave,Chatsworth,CA,91311,Carl's Jr
160,2516 Esplanade,Chico,CA,95926,Carl's Jr
161,1940 East 20Th St,Chico,CA,95928,Carl's Jr
162,12005 Central Ave,Chino,CA,91710,Carl's Jr
163,7069 SCHAEFER AVE,Chino,CA,91710,Carl's Jr
164,3880 GRAND AVE,Chino,CA,91710,Carl's Jr
165,4200 CHINO HILLS PKWY,CHINO HILLS,CA,91709,Carl's Jr
166,125 S Chowchilla Blvd,Chowchilla,CA,93610,Carl's Jr
167,996 THIRD AVE,CHULA VISTA,CA,91911,Carl's Jr
168,2097 OLYMPIC PKWY,CHULA VISTA,CA,91915,Carl's Jr
169,695 H ST,CHULA VISTA,CA,91910,Carl's Jr
170,1100 BROADWAY,CHULA VISTA,CA,91911,Carl's Jr
171,1487 E H ST,CHULA VISTA,CA,91910,Carl's Jr
172,7400 Greenback Lane,Citrus Heights,CA,95610,Carl's Jr
173,6400 Antelope Road,Citrus Heights,CA,95621,Carl's Jr
174,7570 Sunrise Blvd,Citrus Heights,CA,95610,Carl's Jr
175,5501 Telegraph Rd,City Of Commerce,CA,90040,Carl's Jr
176,210 S Hacienda Blvd,City Of Industry,CA,91745,Carl's Jr
177,19782 East Walnut North,City Of Industry,CA,91789,Carl's Jr
178,13151 Crossroads Pkwy S,City Of Industry,CA,91746,Carl's Jr
179,1530 Kirker Pass Road,Clayton,CA,94517,Carl's Jr
180,15895 Dam Road Ext,Clearlake,CA,95422,Carl's Jr
181,1125 Herndon Ave,Clovis,CA,93612,Carl's Jr
182,1930 Clovis Ave,Clovis,CA,93612,Carl's Jr
183,818 W. Shaw Avenue,Clovis,CA,93612,Carl's Jr
184,50-087 Harrison St,Coachella,CA,92236,Carl's Jr
185,45761 Dillon Rd,Coachella,CA,92236,Carl's Jr
186,25167 W Dorris Ave,Coalinga,CA,93210,Carl's Jr
187,1180 S Mount Vernon Ave,Colton,CA,92324,Carl's Jr
188,1931 W Artesia Blvd,Compton,CA,90220,Carl's Jr
189,1865 W 6th Street,Corona,CA,92882,Carl's Jr
190,2199 Sampson,Corona,CA,92879,Carl's Jr
191,23740 Temescal Canyon Rd,Corona,CA,92883,Carl's Jr
192,230 W Foothill Pkwy,Corona,CA,92882,Carl's Jr
193,1550 Adams Blvd,Costa Mesa,CA,92626,Carl's Jr
194,1501 Newport Blvd,Costa Mesa,CA,92627,Carl's Jr
195,573 N Azusa Ave,Covina,CA,91722,Carl's Jr
196,3816 S Sepulveda Blvd,Culver City,CA,90230,Carl's Jr
197,6947 KATELLA AVE,Cypress,CA,90630,Carl's Jr
198,5930 CERRITOS AVENUE,Cypress,CA,90630,Carl's Jr
199,2434 Junipero Serra Blvd,Daly City,CA,94015,Carl's Jr
200,34312 Pacific Coast Hwy,Dana Point,CA,92629,Carl's Jr
201,1701 Cowell Blvd,Davis,CA,95681,Carl's Jr
202,1616 Covell Blvd.,Davis,CA,95616,Carl's Jr
203,612 Cecil Ave,Delano,CA,93215,Carl's Jr
204,13010 Palm Dr,Desert Hot Springs,CA,92240,Carl's Jr
205,141 S Diamond Bar Blvd,Diamond Bar,CA,91765,Carl's Jr
206,904 W El Monte Way,Dinuba,CA,93618,Carl's Jr
207,125 Gateway Plz,Dixon,CA,95620,Carl's Jr
208,9110 IMPERIAL HIGHWAY,Downey,CA,90242,Carl's Jr
209,1302 Huntington Drive,Duarte,CA,91010,Carl's Jr
210,7028 Archibald St,Eastvale,CA,92880,Carl's Jr
211,624 FLETCHER PKWY,EL CAJON,CA,92020,Carl's Jr
212,520 N SECOND STREET,EL CAJON,CA,92021,Carl's Jr
213,1498 Adams Ave,El Centro,CA,92243,Carl's Jr
214,8140 Sheldon Rd,Elk Grove,CA,95758,Carl's Jr
215,8722 Elk Grove Blvd,Elk Grove,CA,95624,Carl's Jr
216,9664 Bruceville Rd,Elk Grove,CA,95757,Carl's Jr
217,2609 W Taron Ct,Elk Grove,CA,95757,Carl's Jr
218,8401 Elk Grove Florin Rd,Elk Grove,CA,95624,Carl's Jr
219,3832 Peck Road,El Monte,CA,91732,Carl's Jr
220,639 N. SEPULVEDA BLVD.,EL SEGUNDO,CA,90245,Carl's Jr
221,1137 REGAL RD,ENCINITAS,CA,92024,Carl's Jr
222,435 W 13TH AVE,ESCONDIDO,CA,92025,Carl's Jr
223,1280 EAST VALLEY PARKWAY,ESCONDIDO,CA,92027,Carl's Jr
224,555 WEST MISSION AVE.,ESCONDIDO,CA,92025,Carl's Jr
225,1288 AUTO PARK WAY,ESCONDIDO,CA,92029,Carl's Jr
226,3160 So Broadway,Eureka,CA,95501,Carl's Jr
227,2380 N Texas St,Fairfield,CA,94533,Carl's Jr
228,4400 Central Pl,Fairfield,CA,94534,Carl's Jr
229,8105 Madison Ave,Fair Oaks,CA,95628,Carl's Jr
230,1137 SO. MISSION ROAD,FALLBROOK,CA,92028,Carl's Jr
231,754 W VENTURA ST,Fillmore,CA,93015,Carl's Jr
232,2515 Iron Point Rd,Folsom,CA,95630,Carl's Jr
233,9500 Greenback Ln,Folsom,CA,95630,Carl's Jr
234,1016 E Bidwell St,Folsom,CA,95630,Carl's Jr
235,14454 Valley Blvd,Fontana,CA,92335,Carl's Jr
236,8924 Sierra Ave,Fontana,CA,92335,Carl's Jr
237,16565 SIERRA LAKES PKWY,FONTANA,CA,92336,Carl's Jr
238,1140 Triton Drive,Foster City,CA,94404,Carl's Jr
239,17085 Brookhurst St,Fountain Valley,CA,92708,Carl's Jr
240,16101 HARBOR BLVD,FOUNTAIN VALLEY,CA,92708,Carl's Jr
241,326 E Merced St,Fowler,CA,93625,Carl's Jr
242,1901 Freedom Blvd,Freedom,CA,95019,Carl's Jr
243,37000 Fremont,Fremont,CA,94536,Carl's Jr
244,46637 Mission Blvd,Fremont,CA,94539,Carl's Jr
245,3983 N Blackstone,Fresno,CA,93726,Carl's Jr
246,217 N Abby,Fresno,CA,93701,Carl's Jr
247,5007 E. Mckinley,Fresno,CA,93727,Carl's Jr
248,3092 West Shaw Avenue,Fresno,CA,93711,Carl's Jr
249,1611 N. Blackstone Ave.,Fresno,CA,93703,Carl's Jr
250,1052 E Shaw,Fresno,CA,93710,Carl's Jr
251,7646 N Blackstone Ave,Fresno,CA,93720,Carl's Jr
252,6003 N Figarden Dr,Fresno,CA,93722,Carl's Jr
253,3015 W CLINTON AVE,FRESNO,CA,93722,Carl's Jr
254,5275 W Shaw Ave,Fresno,CA,93722,Carl's Jr
255,1588 N First Street,Fresno,CA,93703,Carl's Jr
256,6767 N FIRST STREET,FRESNO,CA,93710,Carl's Jr
257,3820 N Cedar Ave,Fresno,CA,93726,Carl's Jr
258,2590 South East Avenue,Fresno,CA,93706,Carl's Jr
259,5625 E. Kings Canyon Road,Fresno,CA,93727,Carl's Jr
260,8873 N Chestnut Ave,Fresno,CA,93720,Carl's Jr
261,800 N State College Blvd,Fullerton,CA,92831,Carl's Jr
262,3240 Yorba Linda Blvd,Fullerton,CA,92831,Carl's Jr
263,222 N EUCLID,FULLERTON,CA,92832,Carl's Jr
264,4010 N HARBOR BLVD,FULLERTON,CA,92835,Carl's Jr
265,1070 EAST BASTANCHURY ROAD,FULLERTON,CA,92835,Carl's Jr
266,1065 C Street,Galt,CA,95632,Carl's Jr
267,1401 W. ARTESIA BLVD,GARDENA,CA,90248,Carl's Jr
268,11051 Euclid Ave,Garden Grove,CA,92840,Carl's Jr
269,13011 Harbor Boulevard,Garden Grove,CA,92843,Carl's Jr
270,10012 Westminster Ave,Garden Grove,CA,92843,Carl's Jr
271,9917 CHAPMAN AVE,Garden Grove,CA,92841,Carl's Jr
272,6022 CHAPMAN AVE,GARDEN GROVE,CA,92845,Carl's Jr
273,5880 Monterey Rd,Gilroy,CA,95020,Carl's Jr
274,1124 W Glenoaks Blvd,Glendale,CA,91202,Carl's Jr
275,424 W Los Feliz Rd,Glendale,CA,91204,Carl's Jr
276,810 S Grand,Glendora,CA,91740,Carl's Jr
277,5820 Calle Real,Goleta,CA,93117,Carl's Jr
278,49669 Gorman Post Rd,Gorman,CA,93243,Carl's Jr
279,16815 Devonshire St,Granada Hills,CA,91344,Carl's Jr
280,18090 W Chatsworth St,Granada Hills,CA,91344,Carl's Jr
281,8477 Sierra College Blvd,Granite Bay,CA,95746,Carl's Jr
282,729 Taylorville Rd,Grass Valley,CA,95949,Carl's Jr
283,369 Walnut Ave,Greenfield,CA,93927,Carl's Jr
284,840 West Lacey Blvd,Hanford,CA,93230,Carl's Jr
285,840 Sepulveda Blvd,Harbor City,CA,90710,Carl's Jr
286,5315 ROSECRANS,Hawthorne,CA,90250,Carl's Jr
287,14208 HAWTHORNE BLVD,Hawthorne,CA,90250,Carl's Jr
288,27467 Hesperian Blvd,Hayward,CA,94545,Carl's Jr
289,20550 Mission Blvd,Hayward,CA,94541,Carl's Jr
290,1037 Vine St,Healdsburg,CA,95448,Carl's Jr
291,3413 W Florida Ave,Hemet,CA,92545,Carl's Jr
292,100 E Stetson St,Hemet,CA,92543,Carl's Jr
293,43350 Florida Ave,Hemet,CA,92544,Carl's Jr
294,510 N San Jacinto St,Hemet,CA,92543,Carl's Jr
295,15669 Main St,Hesperia,CA,92345,Carl's Jr
296,14717 Bear Valley Rd,Hesperia,CA,92345,Carl's Jr
297,7261 Boulder Ave,Highland,CA,92346,Carl's Jr
298,6882 Warner,Huntington Beach,CA,92647,Carl's Jr
299,9022 Adams,Huntington Beach,CA,92646,Carl's Jr
300,19512 BEACH BLVD,Huntington Beach,CA,92648,Carl's Jr
301,16031 BOLSA CHICA,HUNTINGTON BEACH,CA,92649,Carl's Jr
302,19125 GOLDENWEST ST,HUNTINGTON BEACH,CA,92648,Carl's Jr
303,8271 WARNER AVE,HUNTINGTON BEACH,CA,92647,Carl's Jr
304,2401 E Florence Avenue,Huntington Park,CA,90255,Carl's Jr
305,700 13TH STREET,IMPERIAL BEACH,CA,91932,Carl's Jr
306,81770 Us Highway 111,Indio,CA,92201,Carl's Jr
307,42225 Jackson St,Indio,CA,92203,Carl's Jr
308,344 W Manchester,Inglewood,CA,90301,Carl's Jr
309,3300 W CENTURY BLVD,INGLEWOOD,CA,90303,Carl's Jr
310,18032 CULVER DR,Irvine,CA,92612,Carl's Jr
311,17971 Macarthur Blvd,Irvine,CA,92614,Carl's Jr
312,55 TECHNOLOGY  WEST,Irvine,CA,92618,Carl's Jr
313,4960 BARRANCA PARKWAY,Irvine,CA,92604,Carl's Jr
314,4770 IRVINE BLVD,IRVINE,CA,92620,Carl's Jr
315,6324 IRVINE BLVD,Irvine,CA,92620,Carl's Jr
316,15716 Arrow Hwy,Irwindale,CA,91706,Carl's Jr
317,11230 Prospect Dr,Jackson,CA,95642,Carl's Jr
318,15005 W Whitesbridge Ave,Kerman,CA,93630,Carl's Jr
319,33300 Hubert Way,Kettleman City,CA,93239,Carl's Jr
320,570 Canal Street,King City,CA,93930,Carl's Jr
321,949 Sierra Street,Kingsburg,CA,93631,Carl's Jr
322,24901 Alicia Pkwy,Laguna Hills,CA,92653,Carl's Jr
323,23002 LAKE FOREST DR,LAGUNA HILLS,CA,92653,Carl's Jr
324,701 S Beach Blvd,La Habra,CA,90631,Carl's Jr
325,251 Diamond Dr,Lake Elsinore,CA,92530,Carl's Jr
326,20552 LAKE FOREST DRIVE,Lake Forest,CA,92630,Carl's Jr
327,5601 Woodruff Ave,Lakewood,CA,90713,Carl's Jr
328,2710 DEL AMO,Lakewood,CA,90712,Carl's Jr
329,8110 PARKWAY DR,LA MESA,CA,91942,Carl's Jr
330,2114 E. Avenue J,Lancaster,CA,93535,Carl's Jr
331,852 W Avenue L,Lancaster,CA,93534,Carl's Jr
332,44361 N Sierra Hwy,Lancaster,CA,93534,Carl's Jr
333,1511 W Avenue K,Lancaster,CA,93534,Carl's Jr
334,44400 Valley Central Way,Lancaster,CA,93536,Carl's Jr
335,5012 La Palma,La Palma,CA,90623,Carl's Jr
336,78672 Highway 111,La Quinta,CA,92253,Carl's Jr
337,200 E Louise Ave,Lathrop,CA,95330,Carl's Jr
338,1400 Foothill Blvd,La Verne,CA,91750,Carl's Jr
339,7162 BROADWAY,LEMON GROVE,CA,91945,Carl's Jr
340,101 Ferrari Ranch Rd,Lincoln,CA,95648,Carl's Jr
341,875 E. Stanley Blvd,Livermore,CA,94550,Carl's Jr
342,2860 Kitty Hawk Rd,Livermore,CA,94551,Carl's Jr
343,443 Joseph Gallo Ct,Livingston,CA,95334,Carl's Jr
344,820 W. Kettleman Lane,Lodi,CA,95240,Carl's Jr
345,6301 W Banner Rd,Lodi,CA,95242,Carl's Jr
346,25536 Barton Rd,Loma Linda,CA,92354,Carl's Jr
347,1752 PACIFIC COAST HIGHWAY,Lomita,CA,90717,Carl's Jr
348,625 N H St,Lompoc,CA,93436,Carl's Jr
349,401 N Main St,Lone Pine,CA,93545,Carl's Jr
350,3700 Atlantic Ave,Long Beach,CA,90807,Carl's Jr
351,2100  E CARSON ST,Long Beach,CA,90807,Carl's Jr
352,7201 Carson St,Long Beach,CA,90808,Carl's Jr
353,271 East Willow Street,Long Beach,CA,90806,Carl's Jr
354,6601 ATLANTIC AVE,Long Beach,CA,90805,Carl's Jr
355,4511 E Pacific Coast Hwy,Long Beach,CA,90804,Carl's Jr
356,2920 N BELLFLOWER BLVD,Long Beach,CA,90815,Carl's Jr
357,700 Long Beach Blvd,Long Beach,CA,90813,Carl's Jr
358,1670 W Pacific Coast Hwy,Long Beach,CA,90810,Carl's Jr
359,5000 El Camino Real,Los Altos,CA,94022,Carl's Jr
360,1611 S Western Ave,Los Angeles,CA,90006,Carl's Jr
361,15226 E Rosecrans,Los Angeles,CA,90638,Carl's Jr
362,1400 E Rosencrans Ave,Los Angeles,CA,90221,Carl's Jr
363,501S Western,Los Angeles,CA,90020,Carl's Jr
364,1212 N BELLFLOWER BLVD,Los Angeles,CA,90815,Carl's Jr
365,5633 N. Whittier Blvd.,Los Angeles,CA,90022,Carl's Jr
366,1751 S Soto St,Los Angeles,CA,90023,Carl's Jr
367,3500 WILSHIRE BLVD.,Los Angeles,CA,90010,Carl's Jr
368,3005 W 6Th St,Los Angeles,CA,90020,Carl's Jr
369,2912 S Figueroa,Los Angeles,CA,90007,Carl's Jr
370,5625 W Century Blvd,Los Angeles,CA,90045,Carl's Jr
371,2320 E 4Th St,Los Angeles,CA,90033,Carl's Jr
372,1439 E Gage Ave,Los Angeles,CA,90001,Carl's Jr
373,308 WESTWOOD PLAZA,LOS ANGELES,CA,90095,Carl's Jr
374,5800 Obama Blvd,Los Angeles,CA,90016,Carl's Jr
375,1001 W MARTIN LUTHER KING JR,LOS ANGELES,CA,90037,Carl's Jr
376,11224 S WESTERN AVE,LOS ANGELES,CA,90047,Carl's Jr
377,3215 N Broadway,Los Angeles,CA,90031,Carl's Jr
378,5151 State University Dr,Los Angeles,CA,90032,Carl's Jr
379,254 S Broadway,Los Angeles,CA,90012,Carl's Jr
380,"Terminal 8, Sp 8e, Lax, 1 World Way",Los Angeles,CA,90045,Carl's Jr
381,229 W 7th Street,Los Angeles,CA,90014,Carl's Jr
382,7200 Firestone Blvd,Los Angeles,CA,90241,Carl's Jr
383,1005 S Fairfax Ave,Los Angeles,CA,90019,Carl's Jr
384,2110 W 7TH ST,LOS ANGELES,CA,90057,Carl's Jr
385,1551 W Pacheco Blvd,Los Banos,CA,93635,Carl's Jr
386,1941 E Pacheco Blvd,Los Banos,CA,93635,Carl's Jr
387,21937 HIGHWAY 46,LOST HILLS,CA,93249,Carl's Jr
388,3621 E Imperial Highway,Lynwood,CA,90262,Carl's Jr
389,301 S. Madera Ave.,Madera,CA,93637,Carl's Jr
390,1305 COUNTRY CLUB DRIVE,MADERA,CA,93638,Carl's Jr
391,437 Old Mammoth Rd,Mammoth Lakes,CA,93546,Carl's Jr
392,990 N Main St,Manteca,CA,95336,Carl's Jr
393,1465 W Yosemite Ave,Manteca,CA,95337,Carl's Jr
394,1489 Hulsey Way,Manteca,CA,95336,Carl's Jr
395,550-D Morello Ave,Martinez,CA,94553,Carl's Jr
396,429 9Th St,Marysville,CA,95901,Carl's Jr
397,1400 V Street,Merced,CA,95340,Carl's Jr
398,300 W Olive Ave,Merced,CA,95348,Carl's Jr
399,1890 Mccandless Dr,Milpitas,CA,95035,Carl's Jr
400,6221 PATS RANCH RD,Mira Loma,CA,91752,Carl's Jr
401,27092 LA PAZ RD,MISSION VIEJO,CA,92692,Carl's Jr
402,26338 OSO PKWY,MISSION VIEJO,CA,92691,Carl's Jr
403,2808 Mchenry Ave,Modesto,CA,95350,Carl's Jr
404,1600 Oakdale Rd,Modesto,CA,95355,Carl's Jr
405,1643 E Hatch Rd,Modesto,CA,95351,Carl's Jr
406,4125 Sisk Ave,Modesto,CA,95356,Carl's Jr
407,118 E Whitmore Ave,Modesto,CA,95358,Carl's Jr
408,15900 SIERRA HIGHWAY,MOJAVE,CA,93501,Carl's Jr
409,8972 CENTRAL AVE.,Montclair,CA,91763,Carl's Jr
410,5295 HOLT BLVD,MONTCLAIR,CA,91763,Carl's Jr
411,1471 N. Montebello Blvd,Montebello,CA,90640,Carl's Jr
412,902 Lighthouse Avenue,Monterey,CA,93940,Carl's Jr
413,1231 W. Avenida Cesar Chavez,Monterey Park,CA,91754,Carl's Jr
414,2030 Montrose Avenue,Montrose,CA,91020,Carl's Jr
415,401 W LOS ANGELES AVENUE,MOORPARK,CA,93021,Carl's Jr
416,25055 Elder Ave,Moreno Valley,CA,92557,Carl's Jr
417,27670 Eucalyptus Ave,Moreno Valley,CA,92555,Carl's Jr
418,16130 PERRIS BLVD,MORENO VALLEY,CA,92551,Carl's Jr
419,22580 Cactus Ave,Moreno Valley,CA,92553,Carl's Jr
420,22700 Centerpoint Dr,Moreno Valley,CA,92553,Carl's Jr
421,16995 Condit Rd,Morgan Hill,CA,95037,Carl's Jr
422,40980 California Oaks Rd,Murrieta,CA,92562,Carl's Jr
423,40375 Murrieta Hot Springs,Murrieta,CA,92563,Carl's Jr
424,23761 Washington Ave,Murrieta,CA,92562,Carl's Jr
425,28023 Scott Rd,Murrieta,CA,92563,Carl's Jr
426,1631 Imola Ave,Napa,CA,94559,Carl's Jr
427,1280 PLAZA BLVD,NATIONAL CITY,CA,91950,Carl's Jr
428,1502 SWEETWATER,NATIONAL CITY,CA,91950,Carl's Jr
429,2601 Needles Hwy,Needles,CA,92363,Carl's Jr
430,39901 Balentine Road,Newark,CA,94560,Carl's Jr
431,5670 Thornton Ave,Newark,CA,94560,Carl's Jr
432,411 SOUTH REINO ROAD,NEWBURY PARK,CA,91320,Carl's Jr
433,20425 NEWHALL AVE,NEWHALL,CA,91321,Carl's Jr
434,23320 LYONS AVENUE,Newhall,CA,91321,Carl's Jr
435,2092 SE Bristol,Newport Beach,CA,92660,Carl's Jr
436,4880 CAMPUS DR,Newport Beach,CA,92660,Carl's Jr
437,510 W Tefft St,Nipomo,CA,93444,Carl's Jr
438,2896 Hamner,Norco,CA,92860,Carl's Jr
439,1120 Hamner Ave,Norco,CA,92860,Carl's Jr
440,4805 Watt Ave,North Highlands,CA,95660,Carl's Jr
441,7523 Watt Ave,North Highlands,CA,95660,Carl's Jr
442,6202 Laurel Canyon Blvd,North Hollywood,CA,91606,Carl's Jr
443,12653 Sherman Way,North Hollywood,CA,91605,Carl's Jr
444,5166 Vineland Ave,North Hollywood,CA,91601,Carl's Jr
445,6601 Lankershim Blvd,North Hollywood,CA,91606,Carl's Jr
446,3770 Cahuenga Blvd,North Hollywood,CA,91604,Carl's Jr
447,1449 E. F St,Oakdale,CA,95361,Carl's Jr
448,40242 Hwy 41,Oakhurst,CA,93644,Carl's Jr
449,3770 Telegraph Avenue,Oakland,CA,94609,Carl's Jr
450,10770 Macarthur Blvd.,Oakland,CA,94605,Carl's Jr
451,915 Main St,Oakley,CA,94561,Carl's Jr
452,4186 OCEANSIDE BLVD,OCEANSIDE,CA,92056,Carl's Jr
453,775 COLLEGE BLVD,OCEANSIDE,CA,92057,Carl's Jr
454,611 DOUGLAS DR,OCEANSIDE,CA,92058,Carl's Jr
455,4555 E Jurupa St,Ontario,CA,91761,Carl's Jr
456,3440 E ONTARIO RANCH ROAD,Ontario,CA,91761,Carl's Jr
457,1445 N MOUNTAIN AVE,Ontario,CA,91762,Carl's Jr
458,1625 E 4TH ST,Ontario,CA,91764,Carl's Jr
459,2556 S EUCLID AVE,Ontario,CA,91762,Carl's Jr
460,4453 MILLS CIRCLE,ONTARIO,CA,91764,Carl's Jr
461,2421 SO VINEYARD AVE.,Ontario,CA,91761,Carl's Jr
462,450 The City Drive S,Orange,CA,92868,Carl's Jr
463,402 S Main St,Orange,CA,92868,Carl's Jr
464,3510 E Chapman,Orange,CA,92869,Carl's Jr
465,145 N TUSTIN ST,Orange,CA,92867,Carl's Jr
466,1522 E KATELLA AVE,Orange,CA,92867,Carl's Jr
467,2730 Olive Hwy,Oroville,CA,95966,Carl's Jr
468,3255 Saviers Rd,Oxnard,CA,93033,Carl's Jr
469,2301 N Oxnard Blvd,Oxnard,CA,93036,Carl's Jr
470,480 N Rose Ave,Oxnard,CA,93030,Carl's Jr
471,2005 E PALMDALE BLVD,PALMDALE,CA,93550,Carl's Jr
472,5006 W Avenue N,Palmdale,CA,93551,Carl's Jr
473,1031 WEST AVENUE P,PALMDALE,CA,93551,Carl's Jr
474,2505 E Avenue S,Palmdale,CA,93550,Carl's Jr
475,73-125 Highway 111,Palm Desert,CA,92260,Carl's Jr
476,36879 Cook St,Palm Desert,CA,92211,Carl's Jr
477,2520 N Palm Canyon Dr,Palm Springs,CA,92262,Carl's Jr
478,425 S Sunrise Way,Palm Springs,CA,92262,Carl's Jr
479,14344 Roscoe Blvd,Panorama City,CA,91402,Carl's Jr
480,14555 LAKEWOOD BLVD,PARAMOUNT,CA,90723,Carl's Jr
481,16229 PARAMOUNT BLVD,Paramount,CA,90723,Carl's Jr
482,1465 E Colorado Blvd.,Pasadena,CA,91106,Carl's Jr
483,485 N Rosemead Blvd,Pasadena,CA,91107,Carl's Jr
484,2201 Theatre Dr,Paso Robles,CA,93446,Carl's Jr
485,2725 Black Oak Drive,Paso Robles,CA,93446,Carl's Jr
486,65 Rogers Rd,Patterson,CA,95363,Carl's Jr
487,69 W Nuevo Rd,Perris,CA,92571,Carl's Jr
488,3150 Case Rd Bldg F,Perris,CA,92570,Carl's Jr
489,736 Ramona Expressway,Perris,CA,92570,Carl's Jr
490,9400 SLAUSON AVENUE,PICO RIVERA,CA,90660,Carl's Jr
491,1550 Fitzgerald Drive,Pinole,CA,94564,Carl's Jr
492,4595 Century Blvd,Pittsburg,CA,94565,Carl's Jr
493,1285 E IMPERIAL HWY,PLACENTIA,CA,92870,Carl's Jr
494,750 N ROSE DRIVE,PLACENTIA,CA,92870,Carl's Jr
495,93 Fair Ln,Placerville,CA,95667,Carl's Jr
496,140 E Foothill Blvd,Pomona,CA,91767,Carl's Jr
497,3395 POMONA BLVD,Pomona,CA,91768,Carl's Jr
498,3801 W Temple Ave Bldg 97,Pomona,CA,91768,Carl's Jr
499,1755 INDIAN HILL BLVD.,Pomona,CA,91767,Carl's Jr
500,801 RIO RANCHO RD,Pomona,CA,91766,Carl's Jr
501,431 W Vandalia Ave,Porterville,CA,93257,Carl's Jr
502,717 Channel Islands Blvd,Port Hueneme,CA,93041,Carl's Jr
503,14097 STOWE DRIVE,POWAY,CA,92064,Carl's Jr
504,14949 POMERADO,POWAY,CA,92064,Carl's Jr
505,2300 Sunrise Blvd,Rancho Cordova,CA,95670,Carl's Jr
506,10311 Folsom Blvd,Rancho Cordova,CA,95670,Carl's Jr
507,3100 Sunrise Blvd,Rancho Cordova,CA,95742,Carl's Jr
508,8736 BASELINE RD,RANCHO CUCAMONGA,CA,91701,Carl's Jr
509,11738 FOOTHILL BLVD,RANCHO CUCAMONGA,CA,91730,Carl's Jr
510,7359 MILLIKEN AVE,RANCHO CUCAMONGA,CA,91730,Carl's Jr
511,28619 S WESTERN AVE,RANCHO PALOS VERDES,CA,90275,Carl's Jr
512,833 E. Cypress Avenue,Redding,CA,96002,Carl's Jr
513,6360 West Side Street,Redding,CA,96001,Carl's Jr
514,183 Lake Blvd,Redding,CA,96003,Carl's Jr
515,1385 Churn Creek Road,Redding,CA,96003,Carl's Jr
516,1800 Eureka Way,Redding,CA,96001,Carl's Jr
517,1205 W COLTON AVE,Redlands,CA,92374,Carl's Jr
518,2100 Artesia Blvd,Redondo Beach,CA,90278,Carl's Jr
519,701 N Pacific Coast Hwy,Redondo Beach,CA,90277,Carl's Jr
520,1001 VETERANS BOULEVARD,Redwood City,CA,94063,Carl's Jr
521,810 N Reed Ave,Reedley,CA,93654,Carl's Jr
522,18756 Sherman Way,Reseda,CA,91335,Carl's Jr
523,19305 Victory Blvd,Reseda,CA,91335,Carl's Jr
524,1334 S RIVERSIDE AVE,Rialto,CA,92376,Carl's Jr
525,620 W FOOTHILL BLVD,Rialto,CA,92376,Carl's Jr
526,2022 N RIVERSIDE AVE,Rialto,CA,92377,Carl's Jr
527,230 S China Lake Blvd,Ridgecrest,CA,93555,Carl's Jr
528,1410 Colony Rd,Ripon,CA,95366,Carl's Jr
529,2773 Patterson Rd,Riverbank,CA,95367,Carl's Jr
530,19360 Van Buren Blvd,Riverside,CA,92508,Carl's Jr
531,3370 La Sierra Ave,Riverside,CA,92503,Carl's Jr
532,6061 Van Buren Blvd,Riverside,CA,92503,Carl's Jr
533,4282 Market St,Riverside,CA,92501,Carl's Jr
534,3483 MADISON STREET,RIVERSIDE,CA,92504,Carl's Jr
535,6079 MAGNOLIA AVE,Riverside,CA,92506,Carl's Jr
536,8919 Limonite Ave,Riverside,CA,92509,Carl's Jr
537,2940 Van Buren Blvd,Riverside,CA,92503,Carl's Jr
538,1250 UNIVERSITY AVE,Riverside,CA,92507,Carl's Jr
539,10010 MAGNOLIA,Riverside,CA,92503,Carl's Jr
540,5225 Canyon Crest Dr,Riverside,CA,92507,Carl's Jr
541,4240 RIVERWALK PKWY,Riverside,CA,92505,Carl's Jr
542,10100 BEN NEVIS BLVD,Riverside,CA,92509,Carl's Jr
543,6741 Stanford Ranch Rd,Rocklin,CA,95677,Carl's Jr
544,4315 Sierra College Blvd,Rocklin,CA,95677,Carl's Jr
545,6608 Lonetree Blvd,Rocklin,CA,95765,Carl's Jr
546,6460 Redwood Dr,Rohnert Park,CA,94928,Carl's Jr
547,9021 Valley Blvd.,Rosemead,CA,91770,Carl's Jr
548,9065 Woodcreek Oaks Blvd,Roseville,CA,95747,Carl's Jr
549,1701 Douglas Blvd,Roseville,CA,95661,Carl's Jr
550,4002 Foothills Blvd,Roseville,CA,95747,Carl's Jr
551,18237 Colima Rd,Rowland Heights,CA,91748,Carl's Jr
552,9631 Micron Avenue,Sacramento,CA,95827,Carl's Jr
553,2280 Arden Way,Sacramento,CA,95825,Carl's Jr
554,4205 Marconi Ave,Sacramento,CA,95821,Carl's Jr
555,5501 Freeport Ave,Sacramento,CA,95822,Carl's Jr
556,2241 Del Paso Rd,Sacramento,CA,95835,Carl's Jr
557,6201 Mack Road,Sacramento,CA,95823,Carl's Jr
558,2460 W. El Camino Avenue,Sacramento,CA,95833,Carl's Jr
559,2795 Fulton Avenue,Sacramento,CA,95821,Carl's Jr
560,3776 Northgate Blvd,Sacramento,CA,95834,Carl's Jr
561,899 El Camino,Sacramento,CA,95815,Carl's Jr
562,8397 Folsom Blvd,Sacramento,CA,95826,Carl's Jr
563,1315 Florin Road,Sacramento,CA,95831,Carl's Jr
564,7151 Franklin Blvd,Sacramento,CA,95823,Carl's Jr
565,5201 Elkhorn Blvd,Sacramento,CA,95842,Carl's Jr
566,2615 Broadway,Sacramento,CA,95818,Carl's Jr
567,1061 North Davis Road,Salinas,CA,93907,Carl's Jr
568,950 Abbott Street,Salinas,CA,93901,Carl's Jr
569,400 E Market St,Salinas,CA,93901,Carl's Jr
570,1505 E Highland Ave,San Bernardino,CA,92404,Carl's Jr
571,14292 US Highway 395,San Bernardino,CA,92301,Carl's Jr
572,524 INLAND CENTER DR,San Bernardino,CA,92408,Carl's Jr
573,192 E Redlands Blvd,San Bernardino,CA,92408,Carl's Jr
574,4424 University Parkway,San Bernardino,CA,92407,Carl's Jr
575,293 E 40Th St,San Bernardino,CA,92404,Carl's Jr
576,899 Cherry Avenue,San Bruno,CA,94066,Carl's Jr
577,1800 El Camino Real,San Carlos,CA,94070,Carl's Jr
578,957 Avenida Pico,San Clemente,CA,92673,Carl's Jr
579,3929 S El Camino Real,San Clemente,CA,92672,Carl's Jr
580,4199 GOVERNOR DR,SAN DIEGO,CA,92122,Carl's Jr
581,9360 KEARNY MESA RD,SAN DIEGO,CA,92126,Carl's Jr
582,6566 MISSION GORGE ROAD,SAN DIEGO,CA,92120,Carl's Jr
583,3008 EL CAJON BLVD,SAN DIEGO,CA,92104,Carl's Jr
584,6788 MIRAMAR RD,SAN DIEGO,CA,92121,Carl's Jr
585,16685 BERNARDO CENTER DR,SAN DIEGO,CA,92128,Carl's Jr
586,9805 CARROLL CANYON RD,SAN DIEGO,CA,92131,Carl's Jr
587,9355 CLAIREMONT MESA BLVD.,SAN DIEGO,CA,92123,Carl's Jr
588,2903 BURGENER BLVD,SAN DIEGO,CA,92110,Carl's Jr
589,3381 ROSECRANS ST,SAN DIEGO,CA,92110,Carl's Jr
590,845 MORENA BOULEVARD,SAN DIEGO,CA,92110,Carl's Jr
591,2935 JAMACHA RD,SAN DIEGO,CA,92019,Carl's Jr
592,8856 Navajo Road,San Diego,CA,92119,Carl's Jr
593,10745 CAMINO RUIZ,SAN DIEGO,CA,92126,Carl's Jr
594,3833 CONVOY STREET,SAN DIEGO,CA,92111,Carl's Jr
595,7404 CLAIREMONT MESA BLVD,SAN DIEGO,CA,92111,Carl's Jr
596,5901 UNIVERSITY AVE,SAN DIEGO,CA,92115,Carl's Jr
597,2365 ROLL DRIVE,SAN DIEGO,CA,92154,Carl's Jr
598,614 DENNERY ROAD,SAN DIEGO,CA,92154,Carl's Jr
599,16613 DOVE CANYON RD,SAN DIEGO,CA,92127,Carl's Jr
600,698 W ARROW HWY,San Dimas,CA,91773,Carl's Jr
601,11509 Laurel Canyon Blvd,San Fernando,CA,91340,Carl's Jr
602,1 HALLIDIE PLAZA,San Francisco,CA,94102,Carl's Jr
603,1900 San Gabriel Blvd,San Gabriel,CA,91776,Carl's Jr
604,505 W Las Tunas Drive,San Gabriel,CA,91776,Carl's Jr
605,2610 Jensen Ave,Sanger,CA,93657,Carl's Jr
606,1171 N State St,San Jacinto,CA,92583,Carl's Jr
607,1690 Tully Rd,San Jose,CA,95122,Carl's Jr
608,172 Bernal Rd,San Jose,CA,95119,Carl's Jr
609,1346 Saratoga Avenue,San Jose,CA,95129,Carl's Jr
610,2802 S White Rd,San Jose,CA,95148,Carl's Jr
611,1689 No Capitol Avenue,San Jose,CA,95132,Carl's Jr
612,1999 Camden Avenue,San Jose,CA,95124,Carl's Jr
613,1101 Branham Ln,San Jose,CA,95118,Carl's Jr
614,1095 Old Oakland Road,San Jose,CA,95112,Carl's Jr
615,655 Coleman Ave,San Jose,CA,95110,Carl's Jr
616,31852 Del Obispo St,San Juan Capistrano,CA,92675,Carl's Jr
617,3980 Broad Street,San Luis Obispo,CA,93401,Carl's Jr
618,120 KNOLL RD,SAN MARCOS,CA,92069,Carl's Jr
619,3131 Crow Canyon Pl,San Ramon,CA,94583,Carl's Jr
620,2511 S Bristol,Santa Ana,CA,92704,Carl's Jr
621,1809 E Edinger Ave,Santa Ana,CA,92705,Carl's Jr
622,3325 S Harbor,Santa Ana,CA,92704,Carl's Jr
623,1830 N Bristol St Bldg 18,Santa Ana,CA,92706,Carl's Jr
624,1720 E DYER RD,Santa Ana,CA,92705,Carl's Jr
625,1943 E 17TH ST,Santa Ana,CA,92705,Carl's Jr
626,"18601 Airport Way, Terminal C in John Wayne Airport",Santa Ana,CA,92707,Carl's Jr
627,7 South Milpas Street,Santa Barbara,CA,93103,Carl's Jr
628,270 Saratoga Ave,Santa Clara,CA,95050,Carl's Jr
629,2900 Bowers Ave,Santa Clara,CA,95051,Carl's Jr
630,2495 Lafayette St,Santa Clara,CA,95050,Carl's Jr
631,18741 VIA PRINCESSA,Santa Clarita,CA,91387,Carl's Jr
632,27606 N NEWHALL RANCH RD,SANTA CLARITA,CA,91355,Carl's Jr
633,13157 Telegraph Rd,Santa Fe Springs,CA,90670,Carl's Jr
634,12940 IMPERIAL HWY,SANTA FE SPRINGS,CA,90670,Carl's Jr
635,2185 S Broadway,Santa Maria,CA,93454,Carl's Jr
636,1355 S Bradley Rd,Santa Maria,CA,93454,Carl's Jr
637,2727 Santa Monica,Santa Monica,CA,90404,Carl's Jr
638,12260 Highway 33,Santa Nella,CA,95322,Carl's Jr
639,230 E HARVARD BLVD,SANTA PAULA,CA,93060,Carl's Jr
640,3640 Industrial Dr,Santa Rosa,CA,95403,Carl's Jr
641,495 Stony Point,Santa Rosa,CA,95401,Carl's Jr
642,1000 Farmers Ln,Santa Rosa,CA,95405,Carl's Jr
643,373 Aviation Blvd,Santa Rosa,CA,95403,Carl's Jr
644,10009 MISSION GORGE ROAD,SANTEE,CA,92071,Carl's Jr
645,805 W. SAN YSIDRO BLVD,SAN YSIDRO,CA,92173,Carl's Jr
646,4463 CAMINO DE LA PLAZA,SAN YSIDRO,CA,92173,Carl's Jr
647,5620 Scotts Valley Dr,Scotts Valley,CA,95066,Carl's Jr
648,13902 SEAL BEACH BLVD,SEAL BEACH,CA,90740,Carl's Jr
649,1142 Fremont Blvd,Seaside,CA,93955,Carl's Jr
650,2818 E Floral Ave,Selma,CA,93662,Carl's Jr
651,1625 Santa Anita Ave,S El Monte,CA,91733,Carl's Jr
652,9505 Sepulveda Blvd,Sepulveda,CA,91343,Carl's Jr
653,2402 N ERRINGER RD,Simi Valley,CA,93065,Carl's Jr
654,1208 MADERA RD,SIMI VALLEY,CA,93065,Carl's Jr
655,5786 E LOS ANGELES AVENUE,SIMI VALLEY,CA,93063,Carl's Jr
656,2619 TAPO CANYON ROAD,SIMI VALLEY,CA,93063,Carl's Jr
657,106 SOLANA HILLS DR,SOLANA BEACH,CA,92075,Carl's Jr
658,1000 Front Street,Soledad,CA,93960,Carl's Jr
659,1075 Mono Way,Sonora,CA,95370,Carl's Jr
660,2310 Firestone Blvd,South Gate,CA,90280,Carl's Jr
661,5760 IMPERIAL HWY,South Gate,CA,90280,Carl's Jr
662,110 Hickey Blvd,South San Francisco,CA,94080,Carl's Jr
663,3722 KENORA,SPRING VALLEY,CA,91977,Carl's Jr
664,11961 BEACH BLVD,Stanton,CA,90680,Carl's Jr
665,24715 PICO CANYON RD,STEVENSON RANCH,CA,91381,Carl's Jr
666,7432 Pacific Avenue,Stockton,CA,95207,Carl's Jr
667,2610 W March Ln,Stockton,CA,95207,Carl's Jr
668,939 W Charter Way,Stockton,CA,95206,Carl's Jr
669,3205 W. Hammer Lane,Stockton,CA,95209,Carl's Jr
670,1535 E Hammer Ln,Stockton,CA,95210,Carl's Jr
671,26100 Newport Dr,Sun City,CA,92584,Carl's Jr
672,1051 E EL CAMINO REAL,Sunnyvale,CA,94087,Carl's Jr
673,8401 Laurel Canyon Blvd,Sun Valley,CA,91352,Carl's Jr
674,8875 Glen Oaks Blvd,Sun Valley,CA,91352,Carl's Jr
675,19400 Ventura Blvd.,Tarzana,CA,91356,Carl's Jr
676,44515 Bedford Ct,Temecula,CA,92592,Carl's Jr
677,30660 Rancho California Rd,Temecula,CA,92591,Carl's Jr
678,33125 Temecula Pkwy,Temecula,CA,92592,Carl's Jr
679,9803 E. Las Tunas,Temple City,CA,91780,Carl's Jr
680,1384 Moorpark Road,Thousand Oaks,CA,91360,Carl's Jr
681,72-305 Varner Rd,Thousand Palms,CA,92276,Carl's Jr
682,21112 ANZA AVE,Torrance,CA,90503,Carl's Jr
683,24010 Hawthorne Blvd,Torrance,CA,90505,Carl's Jr
684,1360 W 190Th St,Torrance,CA,90501,Carl's Jr
685,3971 ARTESIA BLVD,Torrance,CA,90504,Carl's Jr
686,2210 W Redondo Beach Blvd,Torrance,CA,90504,Carl's Jr
687,1259 W CARSON ST,TORRANCE,CA,90502,Carl's Jr
688,2380 W Grant Line Rd,Tracy,CA,95377,Carl's Jr
689,1963 Tracy Blvd,Tracy,CA,95376,Carl's Jr
690,85 S Tower Sq,Tulare,CA,93274,Carl's Jr
691,1527 Hillman,Tulare,CA,93274,Carl's Jr
692,100 N Walnut Rd,Turlock,CA,95380,Carl's Jr
693,2980 Geer Rd,Turlock,CA,95382,Carl's Jr
694,14041 NEWPORT BLVD,Tustin,CA,92780,Carl's Jr
695,2992 El Camino Real,Tustin,CA,92782,Carl's Jr
696,"Bldg. 1081, P.O. Box 6178 Marine Air Ground",Twentynine Palms,CA,92278,Carl's Jr
697,1915 N CAMPUS AVE,Upland,CA,91784,Carl's Jr
698,688 E FOOTHILL BLVD,Upland,CA,91786,Carl's Jr
699,1610 W FOOTHILL BLVD,Upland,CA,91786,Carl's Jr
700,775 W HWY 20,UPPER LAKE,CA,95485,Carl's Jr
701,289 Orange Drive,Vacaville,CA,95687,Carl's Jr
702,3897 Sonoma Blvd,Vallejo,CA,94589,Carl's Jr
703,5575 Woodman Ave,Van Nuys,CA,91401,Carl's Jr
704,6457 Sepulveda Blvd,Van Nuys,CA,91411,Carl's Jr
705,7649 Van Nuys Blvd,Van Nuys,CA,91405,Carl's Jr
706,2427 E Thompson Blvd,Ventura,CA,93003,Carl's Jr
707,3015 JOHNSON DRIVE,Ventura,CA,93003,Carl's Jr
708,1745 S VICTORIA AVE,Ventura,CA,93003,Carl's Jr
709,14503 7Th St,Victorville,CA,92395,Carl's Jr
710,15277 HOOK BLVD,Victorville,CA,92394,Carl's Jr
711,17110 Bear Valley Rd,Victorville,CA,92395,Carl's Jr
712,1336 E Main Street,Visalia,CA,93292,Carl's Jr
713,3350 S Mooney,Visalia,CA,93277,Carl's Jr
714,501 S Chinowth St,Visalia,CA,93277,Carl's Jr
715,1790 UNIVERSITY DR,VISTA,CA,92083,Carl's Jr
716,660 HACIENDA DR,VISTA,CA,92081,Carl's Jr
717,1308 HIGHWAY 46,WASCO,CA,93280,Carl's Jr
718,2400 S Azusa,West Covina,CA,91792,Carl's Jr
719,2980 E. Workman Avenue,West Covina,CA,91791,Carl's Jr
720,887 Westlake Blvd,Westlake Village,CA,91361,Carl's Jr
721,4437 Howard Rd,Westley,CA,95387,Carl's Jr
722,13425 BEACH BLVD,WESTMINSTER,CA,92683,Carl's Jr
723,6751 WESTMINSTER BLVD,WESTMINSTER,CA,92683,Carl's Jr
724,854 Harbor Blvd,West Sacramento,CA,95691,Carl's Jr
725,12358 Washington Blvd.,Whittier,CA,90606,Carl's Jr
726,10409 Whittier Blvd.,Whittier,CA,90606,Carl's Jr
727,15360 Whittier Blvd,Whittier,CA,90603,Carl's Jr
728,300 S Vann St,Williams,CA,95987,Carl's Jr
729,30604 Benton Rd,Winchester,CA,92596,Carl's Jr
730,1556 E Main St,Woodland,CA,95776,Carl's Jr
731,98 W. Main St.,Woodland,CA,95695,Carl's Jr
732,6310 Platt Ave,Woodland Hills,CA,91367,Carl's Jr
733,1868 Fort Jones Rd,Yreka,CA,96097,Carl's Jr
734,1300 Bridge St,Yuba City,CA,95993,Carl's Jr
735,995 Tharp Rd,Yuba City,CA,95993,Carl's Jr
736,33505 Yucaipa Blvd,Yucaipa,CA,92399,Carl's Jr
737,57222 29 Palms Hwy,Yucca Valley,CA,92284,Carl's Jr
738,2211 S Havana Ave,Aurora,CO,80014,Carl's Jr
739,2240 S Chambers St,Aurora,CO,80014,Carl's Jr
740,1025 S 1St Street,Bennett,CO,80102,Carl's Jr
741,1015 Hospital Rd,Brush,CO,80723,Carl's Jr
742,582 South Lincoln Street,Burlington,CO,80807,Carl's Jr
743,1414 Harrison Rd,Colorado Springs,CO,80905,Carl's Jr
744,425 Garden Of The Gods,Colorado Springs,CO,80907,Carl's Jr
745,306 N Nevada Ave,Colorado Springs,CO,80903,Carl's Jr
746,7005 Campus Dr,Colorado Springs,CO,80920,Carl's Jr
747,6090 Stetson Hills Blvd,Colorado Springs,CO,80923,Carl's Jr
748,13315 Voyager Pkwy,Colorado Springs,CO,80921,Carl's Jr
749,2360 N Academy Blvd,Colorado Springs,CO,80909,Carl's Jr
750,4626 Freshwater Point,Colorado Springs,CO,80924,Carl's Jr
751,1895 S Chelton Rd,Colorado Springs,CO,80910,Carl's Jr
752,1059 Space Center Dr,Colorado Springs,CO,80915,Carl's Jr
753,5998 Dahlia St,Commerce City,CO,80022,Carl's Jr
754,4730 Tower Rd,Denver,CO,80249,Carl's Jr
755,4050 Colorado Blvd,Denver,CO,80216,Carl's Jr
756,11655 Meridian Market Vw,Falcon,CO,80831,Carl's Jr
757,4238 Union St,Firestone,CO,80504,Carl's Jr
758,502 E Main St,Florence,CO,81226,Carl's Jr
759,421 Cowan St,Fort Collins,CO,80524,Carl's Jr
760,7945 Fountain Mesa Rd,Fountain,CO,80817,Carl's Jr
761,2842 North Ave,Grand Junction,CO,81501,Carl's Jr
762,748 22 Rd,Grand Junction,CO,81505,Carl's Jr
763,2555 11th Ave,Greeley,CO,80631,Carl's Jr
764,720 10th St,Greeley,CO,80631,Carl's Jr
765,201 E Bison Way,Hudson,CO,80642,Carl's Jr
766,2901 Colorado Blvd,Idaho Springs,CO,80452,Carl's Jr
767,500 W First St,La Junta,CO,81050,Carl's Jr
768,5821 W 44th St,Lakeside,CO,80212,Carl's Jr
769,497 S Wadsworth,Lakewood,CO,80226,Carl's Jr
770,13420 W COAL MINE AVE,Littleton,CO,80127,Carl's Jr
771,1754 Hover St,Longmont,CO,80501,Carl's Jr
772,1340 N Cleveland Ave,Loveland,CO,80537,Carl's Jr
773,4140 Clydesdale Pkwy,Loveland,CO,80538,Carl's Jr
774,12987 S Parker Rd,Parker,CO,80134,Carl's Jr
775,12165 Lioness Way,Parker,CO,80134,Carl's Jr
776,102 S Santa Fe Ave,Pueblo,CO,81003,Carl's Jr
777,915 W Us Highway 50,Pueblo,CO,81008,Carl's Jr
778,1759 S Pueblo Blvd,Pueblo,CO,81005,Carl's Jr
779,72 N Mcculloch Blvd,Pueblo West,CO,81007,Carl's Jr
780,4080 River Point Pkwy,Sheridan,CO,80110,Carl's Jr
781,4211 E. 104th Ave,Thornton,CO,80233,Carl's Jr
782,700 S Main St,Walsenburg,CO,81089,Carl's Jr
783,13630 Orchard Pkwy.,Westminster,CO,80023,Carl's Jr
784,2140 No. Nimitz Highway,Honolulu,HI,96819,Carl's Jr
785,15 Kapoli Street,Wailuku,HI,96793,Carl's Jr
786,493 N. Milwaukee St,Boise,ID,83704,Carl's Jr
787,226 Broadway Ave,Boise,ID,83702,Carl's Jr
788,1609 Entertainment Ave,Boise,ID,83709,Carl's Jr
789,1700 W State St,Boise,ID,83702,Carl's Jr
790,611 N 10th Ave,Caldwell,ID,83605,Carl's Jr
791,216 W Appleway Avenue,Coeur D'Alene,ID,83814,Carl's Jr
792,3004 E State St,Eagle,ID,83616,Carl's Jr
793,4999 Glenwood St,Garden City,ID,83714,Carl's Jr
794,260 Centennial Dr,Heyburn,ID,83336,Carl's Jr
795,1115 Northgate Mile,Idaho Falls,ID,83401,Carl's Jr
796,2310 E 17Th St,Idaho Falls,ID,83404,Carl's Jr
797,805 W Broadway St,Idaho Falls,ID,83402,Carl's Jr
798,2700 Lincoln Avenue,Jerome,ID,83338,Carl's Jr
799,1320 N Eagle Rd,Meridian,ID,83642,Carl's Jr
800,1815 S Meridian Rd,Meridian,ID,83642,Carl's Jr
801,2034 Caldwell Blvd,Nampa,ID,83651,Carl's Jr
802,1212 12th Ave Road,Nampa,ID,83686,Carl's Jr
803,1042 Yellowstone Ave,Pocatello,ID,83201,Carl's Jr
804,4208 W Expo Pkwy,Post Falls,ID,83854,Carl's Jr
805,292 Blue Lakes Blvd N.,Twin Falls,ID,83301,Carl's Jr
806,829 S White Sands Blvd,Alamogordo,NM,88310,Carl's Jr
807,1312 Eubank Ave Ne,Albuquerque,NM,87112,Carl's Jr
808,1401 Renaissance Blvd Ne,Albuquerque,NM,87107,Carl's Jr
809,5511 Alameda Blvd Ne,Albuquerque,NM,87113,Carl's Jr
810,3811 Ellison Dr Nw,Albuquerque,NM,87114,Carl's Jr
811,6700 Central Ave Sw,Albuquerque,NM,87121,Carl's Jr
812,800 Broadway Blvd Ne,Albuquerque,NM,87102,Carl's Jr
813,12605 Central Avenue,Albuquerque,NM,87121,Carl's Jr
814,2300 E MAIN ST,FARMINGTON,NM,87401,Carl's Jr
815,1590 W MALONEY AVE,GALLUP,NM,87301,Carl's Jr
816,503 S Solano,Las Cruces,NM,88001,Carl's Jr
817,3965 Bataan Memorial West,Las Cruces,NM,88012,Carl's Jr
818,2600 Main St Nw,Los Lunas,NM,87031,Carl's Jr
819,751 Unser Blvd Se,Rio Rancho,NM,87124,Carl's Jr
820,1640 St Michaels Dr,Santa Fe,NM,87505,Carl's Jr
821,1028 State Highway 156,Santa Rosa,NM,88435,Carl's Jr
822,1701 Great Basin Road,Ely,NV,89301,Carl's Jr
823,758 S Boulder Hwy,Henderson,NV,89015,Carl's Jr
824,340 W Lake Mead Pkwy,Henderson,NV,89015,Carl's Jr
825,715 S Green Valley Pkwy,Henderson,NV,89052,Carl's Jr
826,146 N Stephanie St,Henderson,NV,89074,Carl's Jr
827,3520 Volunteer Blvd,Henderson,NV,89044,Carl's Jr
828,2380 E Flamingo Rd,Las Vegas,NV,89119,Carl's Jr
829,4606 E. Tropicana Avenue,Las Vegas,NV,89121,Carl's Jr
830,1991 N. Decatur,Las Vegas,NV,89108,Carl's Jr
831,2001 S Las Vegas Blvd,Las Vegas,NV,89104,Carl's Jr
832,150 S. Rainbow,Las Vegas,NV,89145,Carl's Jr
833,2035 E. Charleston,Las Vegas,NV,89104,Carl's Jr
834,5091 E Bonanza Rd,Las Vegas,NV,89110,Carl's Jr
835,1180 E. Desert Inn Road,Las Vegas,NV,89109,Carl's Jr
836,3780 Sunset Road,Las Vegas,NV,89120,Carl's Jr
837,2350 So Nellis Blvd,Las Vegas,NV,89104,Carl's Jr
838,6960 W Tropicana Ave,Las Vegas,NV,89147,Carl's Jr
839,3189 N. Rainbow Blvd,Las Vegas,NV,89108,Carl's Jr
840,4901 West Craig Road,Las Vegas,NV,89130,Carl's Jr
841,3866 W Sahara,Las Vegas,NV,89102,Carl's Jr
842,2205 E Richmar Ave,Las Vegas,NV,89123,Carl's Jr
843,5795 S Eastern Ave,Las Vegas,NV,89119,Carl's Jr
844,4970 Blue Diamond Rd,Las Vegas,NV,89139,Carl's Jr
845,8660 W Warm Springs Rd,Las Vegas,NV,89148,Carl's Jr
846,7125 S. Rainbow Blvd,Las Vegas,NV,89118,Carl's Jr
847,6949 N Durango Dr,Las Vegas,NV,89148,Carl's Jr
848,7598 Vegas Dr,Las Vegas,NV,89128,Carl's Jr
849,"5757 Wayne Newton Blvd, Terminal 3",Las Vegas,NV,89111,Carl's Jr
850,1824 E Lake Mead Blvd,North Las Vegas,NV,89030,Carl's Jr
851,3185 W Ann Rd,North Las Vegas,NV,89031,Carl's Jr
852,607 W Craig Rd,North Las Vegas,NV,89032,Carl's Jr
853,2670 E Craig Rd,North Las Vegas,NV,89030,Carl's Jr
854,6524 N Losee Rd,North Las Vegas,NV,89086,Carl's Jr
855,1440 W Cheyenne Ave,North Las Vegas,NV,89030,Carl's Jr
856,2650 Nature Park Drive,North Las Vegas,NV,89084,Carl's Jr
857,500 S HIGHWAY 160,PAHRUMP,NV,89048,Carl's Jr
858,32140 LAS VEGAS BLVD S,PRIMM,NV,89019,Carl's Jr
859,5880 S VIRGINIA ST,Reno,NV,89502,Carl's Jr
860,1195 Kietzke Lane,Reno,NV,89502,Carl's Jr
861,"1801 Silverada  Blvd.,",Reno,NV,89512,Carl's Jr
862,10170 N McCarran Blvd,Reno,NV,89503,Carl's Jr
863,85 Damonte Ranch Parkway,Reno,NV,89521,Carl's Jr
864,1490 E Prater Way,Spark,NV,89434,Carl's Jr
865,3550 Winnemucca Blvd,Winnemucca,NV,89445,Carl's Jr
866,200 S MISSISSIPPI,ADA,OK,74820,Carl's Jr
867,1608 N COMMERCE,ARDMORE,OK,73401,Carl's Jr
868,437071 E 310 Road,Big Cabin,OK,74332,Carl's Jr
869,900 N ASPEN DR,BROKEN ARROW,OK,74012,Carl's Jr
870,611 W PATTI PAGE,CLAREMORE,OK,74017,Carl's Jr
871,5550 TINKER DIAGONAL ST,DEL CITY,OK,73115,Carl's Jr
872,1235 N HIGHWAY 81,DUNCAN,OK,73533,Carl's Jr
873,1305 W MAIN ST,DURANT,OK,74701,Carl's Jr
874,917 W DANFORTH RD,EDMOND,OK,73003,Carl's Jr
875,3264 S BROADWAY,EDMOND,OK,73013,Carl's Jr
876,1802 W 3RD ST,ELK CITY,OK,73644,Carl's Jr
877,3900 S Radio Rd,El Reno,OK,73036,Carl's Jr
878,4104 E Randolph,Enid,OK,73701,Carl's Jr
879,2700 E Highway 33,Guthrie,OK,73044,Carl's Jr
880,1305 NW SHERIDAN RD,LAWTON,OK,73505,Carl's Jr
881,1306 MEMORIAL DR,MARIETTA,OK,73448,Carl's Jr
882,7900 E RENO AVE,MIDWEST CITY,OK,73110,Carl's Jr
883,651 SW 19TH ST,MOORE,OK,73160,Carl's Jr
884,1101 24TH AVE NW,NORMAN,OK,73069,Carl's Jr
885,4001 N PORTLAND AVE,OKLAHOMA CITY,OK,73112,Carl's Jr
886,841 SW 89TH ST,OKLAHOMA CITY,OK,73139,Carl's Jr
887,112 NW 23RD ST,OKLAHOMA CITY,OK,73103,Carl's Jr
888,13424 N MACARTHUR BLVD,OKLAHOMA CITY,OK,73142,Carl's Jr
889,1300 N Wood Avenue,Okmulgee,OK,74447,Carl's Jr
890,9140 N 121ST E AVE,OWASSO,OK,74055,Carl's Jr
891,201 S MILL ST,PRYOR,OK,74361,Carl's Jr
892,503 W WASHINGTON ST,PURCELL,OK,73080,Carl's Jr
893,1120 E CHARLES PAGE BLVD,SAND SPRINGS,OK,74063,Carl's Jr
894,1010 MILT PHILLIPS AVE,SEMINOLE,OK,74868,Carl's Jr
895,2333 N HARRISON,SHAWNEE,OK,74804,Carl's Jr
896,900 W ROGERS BLVD,SKIATOOK,OK,74070,Carl's Jr
897,2104 W BROADWAY AVE,SULPHUR,OK,73086,Carl's Jr
898,1850 S MUSKOGEE AVE,TAHLEQUAH,OK,74464,Carl's Jr
899,5722 S 49TH WEST AVE,TULSA,OK,74107,Carl's Jr
900,6916 S MINGO RD,TULSA,OK,74133,Carl's Jr
901,4994 E 41ST,TULSA,OK,74135,Carl's Jr
902,925 E MAIN ST,WEATHERFORD,OK,73096,Carl's Jr
903,1304 BROAD ST,WICHITA FALLS,OK,76301,Carl's Jr
904,2053 LOOP 11,WICHITA FALLS,OK,76306,Carl's Jr
905,2617 OKLAHOMA AVE,WOODWARD,OK,73801,Carl's Jr
906,1109 Waverly Drive Se,Albany,OR,97322,Carl's Jr
907,300 Airport Rd Se,Albany,OR,97322,Carl's Jr
908,14495 Sw Tualatin Valley Highway,Beaverton,OR,97005,Carl's Jr
909,1815 Ne 3rd St,Bend,OR,97701,Carl's Jr
910,1190 S Highway 97,Bend,OR,97702,Carl's Jr
911,78665 Tower Road,Boardman,OR,97818,Carl's Jr
912,1463 Se 1st,Canby,OR,97013,Carl's Jr
913,116 W Baseline Street,Cornelius,OR,97113,Carl's Jr
914,800 Nw 9th St,Corvallis,OR,97330,Carl's Jr
915,1565 Gateway Blvd,Cottage Grove,OR,97424,Carl's Jr
916,78 W  Linn Rd,Eagle Point,OR,97524,Carl's Jr
917,3663 W 11th Ave,Eugene,OR,97402,Carl's Jr
918,25 Silver Lane,Eugene,OR,97404,Carl's Jr
919,296 Coburg Road,Eugene,OR,97401,Carl's Jr
920,1996 Echo Hollow Rd,Eugene,OR,97402,Carl's Jr
921,220 Ne Terry Ln,Grants Pass,OR,97526,Carl's Jr
922,1802 Nw 6th St,Grants Pass,OR,97526,Carl's Jr
923,1678 N E Burnside St,Gresham,OR,97030,Carl's Jr
924,14665 Se Sunnyside Rd,Happy Valley,OR,97086,Carl's Jr
925,6653 Se Tualatin Valley Hwy,Hillsboro,OR,97123,Carl's Jr
926,575 Se 10th Ave,Hillsboro,OR,97123,Carl's Jr
927,7120 Ne Cornell Rd,Hillsboro,OR,97124,Carl's Jr
928,2175 Nw Town Center Dr,Hillsboro,OR,97006,Carl's Jr
929,5130 River Rd. Ne,Keizer,OR,97303,Carl's Jr
930,8982 Truckman Way Ne,Keizer,OR,97303,Carl's Jr
931,250 Obrien Way,Klamath Falls,OR,97601,Carl's Jr
932,525 Weldwood Dr,Lebanon,OR,97355,Carl's Jr
933,1285 Sw Booth Bend Rd,Mcminnville,OR,97128,Carl's Jr
934,61 E Stewart Ave,Medford,OR,97501,Carl's Jr
935,3060 Crater Lake Hwy,Medford,OR,97504,Carl's Jr
936,1136 Biddle Rd,Medford,OR,97504,Carl's Jr
937,131 Pacific Hwy N,Monmouth,OR,97361,Carl's Jr
938,1617 E Idaho Ave,Ontario,OR,97914,Carl's Jr
939,19761 Highway 213,Oregon City,OR,97045,Carl's Jr
940,1403 Ne 102nd Ave,Portland,OR,97220,Carl's Jr
941,8205 S. E. Rhine,Portland,OR,97266,Carl's Jr
942,14836 S. E. Division,Portland,OR,97236,Carl's Jr
943,10100 Se 82nd Ave,Portland,OR,97086,Carl's Jr
944,17929 Sw Mcewan Rd,Portland,OR,97224,Carl's Jr
945,1762 Ne 181st Ave,Portland,OR,97230,Carl's Jr
946,250 Ne Columbia Blvd,Portland,OR,97211,Carl's Jr
947,2795 S Highway 97,Redmond,OR,97756,Carl's Jr
948,2035 Stewart Pkwy,Roseburg,OR,97471,Carl's Jr
949,250 Grant Smith Road,Roseburg,OR,97471,Carl's Jr
950,1501 Lancaster Dr. Ne,Salem,OR,97301,Carl's Jr
951,1135 Lancaster Dr Se,Salem,OR,97317,Carl's Jr
952,1450 Baxter Rd Se,Salem,OR,97306,Carl's Jr
953,1236 23rd St Se,Salem,OR,97302,Carl's Jr
954,555 Edgewater St Nw,Salem,OR,97304,Carl's Jr
955,1900 Marcola Road,Springfield,OR,97477,Carl's Jr
956,3032 Gateway St,Springfield,OR,97477,Carl's Jr
957,12140 Sw  Scholls Ferry Road,Tigard,OR,97223,Carl's Jr
958,15520 Sw Pacific Highway,Tigard,OR,97224,Carl's Jr
959,11433 Sw Pacific Hwy,Tigard,OR,97223,Carl's Jr
960,8703 S.W. Tualatin Sherwood Hwy,Tualatin,OR,97062,Carl's Jr
961,25300 Sw 95th Ave,Wilsonville,OR,97070,Carl's Jr
962,1675 Mount Hood Ave,Woodburn,OR,97071,Carl's Jr
963,22667 Ne Glisan St,Wood Village,OR,97060,Carl's Jr
964,2301 Fm 523,Angleton,TX,77515,Carl's Jr
965,715 S Central Expy,Anna,TX,75409,Carl's Jr
966,1315 E Whitestone Blvd,Cedar Park,TX,78613,Carl's Jr
967,5665 E. Mockingbird Lane,Dallas,TX,75206,Carl's Jr
968,8800 S Polk St,Dallas,TX,75232,Carl's Jr
969,1490 N Zaragoza Rd,El Paso,TX,79936,Carl's Jr
970,7120 Airport Rd,El Paso,TX,79906,Carl's Jr
971,9071 Alameda,El Paso,TX,79907,Carl's Jr
972,1898 N Lee Trevino Dr,El Paso,TX,79936,Carl's Jr
973,7910 Artcraft Rd,El Paso,TX,79932,Carl's Jr
974,9330 Dyer St,El Paso,TX,79924,Carl's Jr
975,6031 N Mesa St,El Paso,TX,79912,Carl's Jr
976,10620 Montana Ave,El Paso,TX,79935,Carl's Jr
977,3510 Zaragoza Road,El Paso,TX,79938,Carl's Jr
978,11300 Mccombs Street,El Paso,TX,79934,Carl's Jr
979,1305 Horizon Blvd,El Paso,TX,79928,Carl's Jr
980,1124 Mcrae Blvd,El Paso,TX,79925,Carl's Jr
981,2723 E Us Hwy 290,Ft Stockton,TX,79735,Carl's Jr
982,1039 W University Ave,Georgetown,TX,78628,Carl's Jr
983,901 W. 1st Street,Hereford,TX,79045,Carl's Jr
984,2500 S Interstate Highway 45 Rd,Hutchins,TX,75141,Carl's Jr
985,1021 Dale Evans Dr,Italy,TX,76651,Carl's Jr
986,13602 Fm 1472,Laredo,TX,78045,Carl's Jr
987,5313 WEST LOOP 250 N,MIDLAND,TX,79707,Carl's Jr
988,1990 E I30,Rockwall,TX,75087,Carl's Jr
989,6709 Us Hwy 90,Sealy,TX,77474,Carl's Jr
990,1201 S Hillcrest,Sulphur Springs,TX,75482,Carl's Jr
991,16242 US HWY 271,TYLER,TX,75708,Carl's Jr
992,1221 S Oak,Van,TX,75790,Carl's Jr
993,11361 Ih 35 S,Von Ormy,TX,78073,Carl's Jr
994,602 South 500 East,American Fork,UT,84003,Carl's Jr
995,1385 N 400 W Street,Beaver,UT,84713,Carl's Jr
996,195 W 500 South,Bountiful,UT,84010,Carl's Jr
997,20 South 1550 West,Brigham City,UT,84302,Carl's Jr
998,2645 N Canyon Ranch Dr,Cedar City,UT,84721,Carl's Jr
999,385 N 800 W,Centerville,UT,84014,Carl's Jr
1000,582 N Main Street,Clearfield,UT,84015,Carl's Jr
1001,1868 W 1800 N,Clinton,UT,84015,Carl's Jr
1002,6959 S 1300 E,Cottonwood Heights,UT,84047,Carl's Jr
1003,259 South Old Highway 89,Elsinore,UT,84724,Carl's Jr
1004,55 W 1170 N Cedar Mountain Rd,Fillmore,UT,84631,Carl's Jr
1005,669 South Main Street,Heber City,UT,84032,Carl's Jr
1006,5402 W 13400 S,Herriman,UT,84096,Carl's Jr
1007,925 W Antelope Dr,Layton,UT,84041,Carl's Jr
1008,3536 N Maple LoopDr,Lehi,UT,84043,Carl's Jr
1009,1390 N Main,Logan,UT,84341,Carl's Jr
1010,1135 S 100 W,Logan,UT,84321,Carl's Jr
1011,8011 West 3500 South,Magna,UT,84044,Carl's Jr
1012,151 E 5300 S,Murray,UT,84107,Carl's Jr
1013,180 E 12Th St,Ogden,UT,84404,Carl's Jr
1014,1331 N State St,Orem,UT,84057,Carl's Jr
1015,344 W 1230 N,Provo,UT,84604,Carl's Jr
1016,1155 W Riverdale Rd,Riverdale,UT,84405,Carl's Jr
1017,1856 W 12600 S,Riverton,UT,84065,Carl's Jr
1018,1624 W Sunset Blvd,Saint George,UT,84770,Carl's Jr
1019,1659 S State St,Salina,UT,84654,Carl's Jr
1020,1726 W North Temple,Salt Lake City,UT,84116,Carl's Jr
1021,1654 S. Redwood Rd,Salt Lake City,UT,84104,Carl's Jr
1022,10475 S State St,Sandy,UT,84070,Carl's Jr
1023,11432 District Dr,South Jordan,UT,84095,Carl's Jr
1024,16 W 3300 South,South Lake City,UT,84115,Carl's Jr
1025,293 W 2100 S,South Salt Lake,UT,84115,Carl's Jr
1026,770 N. Main Street,Spanish Fork,UT,84660,Carl's Jr
1027,136Red Cliffs Dr,St. George,UT,84790,Carl's Jr
1028,2118 W 1700 S,Syracuse,UT,84075,Carl's Jr
1029,5596 S Redwood Rd,Taylorsville,UT,84123,Carl's Jr
1030,3812 West 5400 South,Taylorsville,UT,84118,Carl's Jr
1031,1291 N Main St,Tooele,UT,84074,Carl's Jr
1032,7033 Plaza Center Dr,West Jordan,UT,84084,Carl's Jr
1033,9025 S Redwood Rd,West Jordan,UT,84088,Carl's Jr
1034,3469 S Redwood Rd,West Valley City,UT,84119,Carl's Jr
1035,3535 West 3500 South,West Valley City,UT,84119,Carl's Jr
1036,3387 South 5600 West,West Valley City,UT,84120,Carl's Jr
1037,10620 W Highway 2,Airway Heights,WA,99224,Carl's Jr
1038,4815 KITSAP WAY,BREMERTON,WA,98312,Carl's Jr
1039,1543 S BURLINGTON BLVD,Burlington,WA,98233,Carl's Jr
1040,2676 First St.,Cheney,WA,99004,Carl's Jr
1041,300 GRANT RD,EAST WENATCHEE,WA,98802,Carl's Jr
1042,1303 S OPPORTUNITY ST,ELLENSBURG,WA,98926,Carl's Jr
1043,17802 CANYON ROAD E,FREDERICKSON,WA,98375,Carl's Jr
1044,5524 SOUNDVIEW DR,GIG HARBOR,WA,98335,Carl's Jr
1045,2804 W KENNEWICK AVE,KENNEWICK,WA,99336,Carl's Jr
1046,1026 N COLORADO,Kennewick,WA,99336,Carl's Jr
1047,3816 PACIFIC AVE SE,LACEY,WA,98503,Carl's Jr
1048,6125 MAIN ST SW,LAKEWOOD,WA,98499,Carl's Jr
1049,1317 N Liberty Lake Rd,Liberty Lake,WA,99019,Carl's Jr
1050,1210 Ocean Beach Hwy,Longview,WA,98632,Carl's Jr
1051,3703 116TH ST NE,MARYSVILLE,WA,98271,Carl's Jr
1052,19143 N KELSEY ST,Monroe,WA,98272,Carl's Jr
1053,1765 KITTLESON RD,MOSES LAKE,WA,98837,Carl's Jr
1054,1276 Rush Rd,Napavine,WA,98532,Carl's Jr
1055,700 Wine Country Road,Prosser,WA,99350,Carl's Jr
1056,4525 NE 4TH ST,RENTON,WA,98059,Carl's Jr
1057,1370 N Hwy 261,Ritzville,WA,99169,Carl's Jr
1058,1617 W Northwest Blvd,Spokane,WA,99205,Carl's Jr
1059,423 E. Hastings Rd.,Spokane,WA,99218,Carl's Jr
1060,707 W THIRD AVE,SPOKANE,WA,99201,Carl's Jr
1061,N 6740 Division St,Spokane,WA,99208,Carl's Jr
1062,1230 N Division St,Spokane,WA,99202,Carl's Jr
1063,13920 E Sprague Ave,Spokane Valley,WA,99216,Carl's Jr
1064,2500 YAKIMA VALLEY HIGHWAY,Sunnyside,WA,98944,Carl's Jr
1065,5925 6TH AVE,TACOMA,WA,98406,Carl's Jr
1066,9016 Ne Highway 99,Vancouver,WA,98665,Carl's Jr
1067,7412 Ne 117th Ave,Vancouver,WA,98662,Carl's Jr
1068,1404 Se 164th Ave,Vancouver,WA,98683,Carl's Jr
1069,1519 Pacific Ave,Woodland,WA,98674,Carl's Jr
1070,2208 S 1ST ST,Yakima,WA,98903,Carl's Jr
1071,216 E Lincolnway,Cheyenne,WY,82001,Carl's Jr
1072,8901 Highway 374,Green River,WY,82935,Carl's Jr
1073,1770 North Mccue Street,Laramie,WY,82072,Carl's Jr
